<?xml version="1.0" encoding="UTF-8" standalone="no"?>
<featureModel>
	<properties>
		<calculations key="tautology" value="true"/>
		<calculations key="auto" value="true"/>
		<graphics key="legendautolayout" value="true"/>
		<calculations key="redundant" value="true"/>
		<graphics key="showshortnames" value="false"/>
		<graphics key="layout" value="horizontal"/>
		<graphics key="showcollapsedconstraints" value="true"/>
		<graphics key="legendhidden" value="false"/>
		<calculations key="constraints" value="true"/>
		<graphics key="layoutalgorithm" value="1"/>
		<calculations key="features" value="true"/>
	</properties>
	<struct>
		<and abstract="true" mandatory="true" name="Notepad">
			<feature name="Cut"/>
			<feature name="Finder"/>
			<feature name="Undo"/>
		</and>
	</struct>
</featureModel>
