<?xml version="1.0" encoding="UTF-8" standalone="no"?>
<featureModel>
	<properties>
		<graphics key="legendautolayout" value="true"/>
		<graphics key="showshortnames" value="false"/>
		<graphics key="layout" value="horizontal"/>
		<graphics key="showcollapsedconstraints" value="true"/>
		<graphics key="legendhidden" value="false"/>
		<graphics key="layoutalgorithm" value="1"/>
	</properties>
	<struct>
		<and abstract="true" mandatory="true" name="MobilePhone">
			<and abstract="true" name="Features">
				<and abstract="true" name="Call">
					<feature name="Voice"/>
					<feature name="Video"/>
				</and>
				<and abstract="true" name="Message">
					<feature name="SMS"/>
					<feature name="MMS"/>
				</and>
				<feature name="Alarm"/>
				<feature name="Games"/>
			</and>
			<and abstract="true" name="Configuration">
				<and abstract="true" name="OS">
					<feature name="Android"/>
					<feature name="iOS"/>
				</and>
				<feature name="Java"/>
			</and>
			<and abstract="true" name="Multimedia">
				<feature name="MP3"/>
				<feature name="MP4"/>
				<feature name="Camera"/>
			</and>
			<and abstract="true" name="Connectivity">
				<feature name="Wifi"/>
				<feature name="Bluetooth"/>
				<feature name="USB"/>
			</and>
		</and>
	</struct>
	<constraints>
		<rule>
			<imp>
				<var>MobilePhone</var>
				<var>Voice</var>
			</imp>
		</rule>
		<rule>
			<conj>
				<imp>
					<var>iOS</var>
					<not>
						<var>Android</var>
					</not>
				</imp>
				<imp>
					<var>Android</var>
					<not>
						<var>iOS</var>
					</not>
				</imp>
			</conj>
		</rule>
	</constraints>
</featureModel>
