<?xml version="1.0" encoding="UTF-8" standalone="no"?>
<configuration>
	<feature automatic="selected" name="MobilePhone"/>
	<feature automatic="selected" name="Features"/>
	<feature automatic="selected" name="Call"/>
	<feature automatic="selected" name="Voice"/>
	<feature manual="selected" name="Video"/>
	<feature automatic="selected" manual="selected" name="Message"/>
	<feature manual="selected" name="SMS"/>
	<feature manual="selected" name="MMS"/>
	<feature manual="selected" name="Alarm"/>
	<feature manual="selected" name="Games"/>
	<feature automatic="selected" manual="selected" name="Configuration"/>
	<feature automatic="selected" manual="selected" name="OS"/>
	<feature automatic="unselected" name="Android"/>
	<feature manual="selected" name="iOS"/>
	<feature manual="selected" name="Java"/>
	<feature automatic="selected" manual="selected" name="Multimedia"/>
	<feature manual="selected" name="MP3"/>
	<feature manual="selected" name="MP4"/>
	<feature manual="selected" name="Camera"/>
	<feature automatic="selected" manual="selected" name="Connectivity"/>
	<feature manual="selected" name="Wifi"/>
	<feature manual="selected" name="Bluetooth"/>
	<feature manual="selected" name="USB"/>
</configuration>
