<?xml version="1.0" encoding="UTF-8" standalone="no"?>
<configuration>
	<feature automatic="selected" name="MobilePhone"/>
	<feature automatic="selected" name="Features"/>
	<feature automatic="selected" name="Call"/>
	<feature automatic="selected" name="Voice"/>
	<feature name="Video"/>
	<feature automatic="selected" name="Message"/>
	<feature manual="selected" name="SMS"/>
	<feature manual="selected" name="MMS"/>
	<feature name="Alarm"/>
	<feature name="Games"/>
	<feature name="Configuration"/>
	<feature name="OS"/>
	<feature name="Android"/>
	<feature name="iOS"/>
	<feature name="Java"/>
	<feature name="Multimedia"/>
	<feature name="MP3"/>
	<feature name="MP4"/>
	<feature name="Camera"/>
	<feature name="Connectivity"/>
	<feature name="Wifi"/>
	<feature name="Bluetooth"/>
	<feature name="USB"/>
</configuration>
